[
  {
    "id": "p001",
    "name": "Everyday Hydrating Shampoo",
    "brand": "Aussie Roots",
    "description": "Gentle, sulfate-free shampoo for daily hydration.",
    "price": 14,
    "compare_at_price": 18,
    "category": "shampoo",
    "image_url": "/images/products/p001.jpg",
    "in_stock": true,
    "featured": true,
    "created_date": "2025-01-01"
  },
  {
    "id": "p002",
    "name": "Light Repair Conditioner",
    "brand": "Koala Care",
    "description": "Lightweight conditioner for soft, manageable hair.",
    "price": 15.5,
    "compare_at_price": 20,
    "category": "conditioner",
    "image_url": "/images/products/p002.jpg",
    "in_stock": true,
    "featured": false,
    "created_date": "2025-01-02"
  },
  {
    "id": "p003",
    "name": "Flexible Hold Styling Cream",
    "brand": "DownUnder Styling",
    "description": "Adds hold and shine without stiffness.",
    "price": 12,
    "category": "styling",
    "image_url": "/images/products/p003.jpg",
    "in_stock": true,
    "featured": false,
    "created_date": "2025-01-03"
  },
  {
    "id": "p004",
    "name": "Nourish Hair Oil",
    "brand": "Botanique AU",
    "description": "Lightweight oil to nourish ends and add shine.",
    "price": 18,
    "category": "treatment",
    "image_url": "https://images.unsplash.com/photo-1545239351-1141bd82e8a6?w=800&q=80",
    "in_stock": true,
    "featured": false,
    "created_date": "2025-01-04"
  },
  {
    "id": "p005",
    "name": "Heat Shield Spray",
    "brand": "ShieldPro AU",
    "description": "Protects hair from heat styling up to 230°C.",
    "price": 11.5,
    "category": "styling",
    "image_url": "/images/products/p005.jpg",
    "in_stock": true,
    "featured": false,
    "created_date": "2025-01-05"
  },
  {
    "id": "p006",
    "name": "Revive Scalp Treatment",
    "brand": "RootCare AU",
    "description": "Soothe and rebalance the scalp with natural extracts.",
    "price": 19,
    "category": "treatment",
    "image_url": "https://images.unsplash.com/photo-1503376780353-7e6692767b70?w=800&q=80",
    "in_stock": true,
    "featured": false,
    "created_date": "2025-01-06"
  },
  {
    "id": "p007",
    "name": "Volume Boost Mousse",
    "brand": "LiftLab AU",
    "description": "Adds long-lasting root lift and soft body.",
    "price": 10.5,
    "category": "styling",
    "image_url": "https://images.unsplash.com/photo-1541534401786-3f9b4d7a0a7f?w=800&q=80",
    "in_stock": true,
    "featured": false,
    "created_date": "2025-01-07"
  },
  {
    "id": "p008",
    "name": "Repair Serum",
    "brand": "Repairly AU",
    "description": "Serum to repair split ends and smooth frizz.",
    "price": 20,
    "category": "treatment",
    "image_url": "https://images.unsplash.com/photo-1515165562835-c7f7b8f6f8d9?w=800&q=80",
    "in_stock": true,
    "featured": true,
    "created_date": "2025-01-08"
  },
  {
    "id": "p009",
    "name": "Aussie Daily Shampoo Mini",
    "brand": "Aussie Roots",
    "description": "Travel-size gentle shampoo for frequent wash.",
    "price": 6,
    "category": "shampoo",
    "image_url": "/images/products/p009.jpg",
    "in_stock": true,
    "featured": false,
    "created_date": "2025-01-09"
  },
  {
    "id": "p010",
    "name": "Hydrating Conditioner Travel",
    "brand": "Koala Care",
    "description": "Mini conditioner to keep hair smooth on the go.",
    "price": 6.5,
    "category": "conditioner",
    "image_url": "/images/products/p010.jpg",
    "in_stock": true,
    "featured": false,
    "created_date": "2025-01-10"
  },
  {
    "id": "p011",
    "name": "Gentle Clarifying Shampoo",
    "brand": "PureForm AU",
    "description": "Removes build-up without stripping natural oils.",
    "price": 13,
    "category": "shampoo",
    "image_url": "/images/products/p011.jpg",
    "in_stock": true,
    "featured": false,
    "created_date": "2025-01-11"
  },
  {
    "id": "p012",
    "name": "Keratin Repair Conditioner",
    "brand": "Salon Select",
    "description": "Supports hair repair and smoothness after treatments.",
    "price": 18.5,
    "category": "conditioner",
    "image_url": "/images/products/p012.jpg",
    "in_stock": true,
    "featured": false,
    "created_date": "2025-01-12"
  },
  {
    "id": "p013",
    "name": "Salt Spray Texturiser",
    "brand": "Coastal Hair AU",
    "description": "Adds beachy texture with light hold.",
    "price": 12,
    "category": "styling",
    "image_url": "https://images.unsplash.com/photo-1487412947147-5cebf100ffc2?w=800&q=80",
    "in_stock": true,
    "featured": false,
    "created_date": "2025-01-13"
  },
  {
    "id": "p014",
    "name": "Deep Moisture Mask 200ml",
    "brand": "Bloom & Co",
    "description": "Overnight treatment to restore moisture and shine.",
    "price": 22,
    "category": "treatment",
    "image_url": "https://images.unsplash.com/photo-1481029031798-8c3f9d8c6be1?w=800&q=80",
    "in_stock": true,
    "featured": true,
    "created_date": "2025-01-14"
  },
  {
    "id": "p015",
    "name": "Detangling Spray",
    "brand": "PureForm AU",
    "description": "Makes combing easier and reduces breakage.",
    "price": 9.5,
    "category": "styling",
    "image_url": "/images/products/p015.jpg",
    "in_stock": true,
    "featured": false,
    "created_date": "2025-01-15"
  },
  {
    "id": "p016",
    "name": "Colour Care Shampoo",
    "brand": "ColourSafe AU",
    "description": "Protects and extends vibrancy of colour-treated hair.",
    "price": 16,
    "category": "colour",
    "image_url": "/images/products/p016.jpg",
    "in_stock": true,
    "featured": false,
    "created_date": "2025-01-16"
  },
  {
    "id": "p017",
    "name": "Dry Shampoo Fresh",
    "brand": "LiftLab AU",
    "description": "Refreshes roots between washes.",
    "price": 8,
    "category": "styling",
    "image_url": "/images/products/p017.jpg",
    "in_stock": true,
    "featured": false,
    "created_date": "2025-01-17"
  },
  {
    "id": "p018",
    "name": "Smoothing Balm",
    "brand": "Repairly AU",
    "description": "Tames frizz for smoother finish.",
    "price": 13,
    "category": "styling",
    "image_url": "/images/products/p018.jpg",
    "in_stock": true,
    "featured": false,
    "created_date": "2025-01-18"
  },
  {
    "id": "p019",
    "name": "Nourishing Hair Set (Shampoo + Conditioner)",
    "brand": "Aussie Roots",
    "description": "Value set for daily nourishment.",
    "price": 24,
    "category": "sets",
    "image_url": "/images/products/p019.jpg",
    "in_stock": true,
    "featured": true,
    "created_date": "2025-01-19"
  },
  {
    "id": "p020",
    "name": "Travel Haircare Bundle",
    "brand": "Koala Care",
    "description": "Mini shampoo and conditioner kit for travel.",
    "price": 12,
    "category": "sets",
    "image_url": "/images/products/p020.jpg",
    "in_stock": true,
    "featured": false,
    "created_date": "2025-01-20"
  },
  {
    "id": "p021",
    "name": "Deep Repair Oil",
    "brand": "Botanique AU",
    "description": "Intensive oil treatment for severely dry hair.",
    "price": 21,
    "category": "treatment",
    "image_url": "https://images.unsplash.com/photo-1545239351-1141bd82e8a6?w=800&q=80",
    "in_stock": true,
    "featured": false,
    "created_date": "2025-01-21"
  },
  {
    "id": "p022",
    "name": "Salon Finish Hairspray",
    "brand": "Salon Select",
    "description": "Flexible hold spray with humidity resistance.",
    "price": 11,
    "category": "styling",
    "image_url": "https://images.unsplash.com/photo-1487412947147-5cebf100ffc2?w=800&q=80",
    "in_stock": true,
    "featured": false,
    "created_date": "2025-01-22"
  },
  {
    "id": "p023",
    "name": "Biotin Hair Supplement 60 caps",
    "brand": "Wellness AU",
    "description": "Supports hair strength from within.",
    "price": 16,
    "category": "supplements",
    "image_url": "/images/products/p023.jpg",
    "in_stock": true,
    "featured": false,
    "created_date": "2025-01-23"
  },
  {
    "id": "p024",
    "name": "Detox Clarifying Mask",
    "brand": "PureForm AU",
    "description": "Deep cleanse and refresh for oily scalps.",
    "price": 19,
    "category": "treatment",
    "image_url": "https://images.unsplash.com/photo-1481029031798-8c3f9d8c6be1?w=800&q=80",
    "in_stock": true,
    "featured": false,
    "created_date": "2025-01-24"
  },
  {
    "id": "p025",
    "name": "Nourish & Shine Serum",
    "brand": "Repairly AU",
    "description": "Lightweight serum for shine and smoothness.",
    "price": 17.5,
    "category": "treatment",
    "image_url": "https://images.unsplash.com/photo-1515165562835-c7f7b8f6f8d9?w=800&q=80",
    "in_stock": true,
    "featured": false,
    "created_date": "2025-01-25"
  },
  {
    "id": "p026",
    "name": "Styling Paste Medium Hold",
    "brand": "DownUnder Styling",
    "description": "Matte finish paste for textured looks.",
    "price": 10,
    "category": "styling",
    "image_url": "/images/products/p026.jpg",
    "in_stock": true,
    "featured": false,
    "created_date": "2025-01-26"
  },
  {
    "id": "p027",
    "name": "Hydrate & Protect Leave-in",
    "brand": "Aussie Roots",
    "description": "Detangles, hydrates and protects hair all day.",
    "price": 13.5,
    "category": "styling",
    "image_url": "/images/products/p027.jpg",
    "in_stock": true,
    "featured": false,
    "created_date": "2025-01-27"
  },
  {
    "id": "p028",
    "name": "Nourish & Repair Kit",
    "brand": "Bloom & Co",
    "description": "Shampoo, conditioner and leave-in for damaged hair.",
    "price": 35,
    "category": "sets",
    "image_url": "/images/products/p028.jpg",
    "in_stock": true,
    "featured": true,
    "created_date": "2025-01-28"
  },
  {
    "id": "p029",
    "name": "Australian Sea Salt Spray",
    "brand": "Coastal Hair AU",
    "description": "Sea-spray texture with light conditioning.",
    "price": 11,
    "category": "styling",
    "image_url": "/images/products/p029.jpg",
    "in_stock": true,
    "featured": false,
    "created_date": "2025-01-29"
  },
  {
    "id": "p030",
    "name": "Sun Protect Hair Mist",
    "brand": "ShieldPro AU",
    "description": "Protection from UV and environmental damage.",
    "price": 12.5,
    "category": "styling",
    "image_url": "/images/products/p030.jpg",
    "in_stock": true,
    "featured": false,
    "created_date": "2025-01-30"
  },
  {
    "id": "p031",
    "name": "Moisture Restore Shampoo",
    "brand": "PureForm AU",
    "description": "Hydrating formula for dry, brittle hair.",
    "price": 14.5,
    "category": "shampoo",
    "image_url": "/images/products/p031.jpg",
    "in_stock": true,
    "featured": false,
    "created_date": "2025-01-31"
  },
  {
    "id": "p032",
    "name": "Coloured Hair Conditioner",
    "brand": "ColourSafe AU",
    "description": "Preserve shine and prevent fade for colour-treated hair.",
    "price": 16.5,
    "category": "conditioner",
    "image_url": "/images/products/p032.jpg",
    "in_stock": true,
    "featured": false,
    "created_date": "2025-02-01"
  },
  {
    "id": "p033",
    "name": "Anti-Frizz Cream",
    "brand": "Repairly AU",
    "description": "Smooths and protects against humidity.",
    "price": 13,
    "category": "styling",
    "image_url": "/images/products/p033.jpg",
    "in_stock": true,
    "featured": false,
    "created_date": "2025-02-02"
  },
  {
    "id": "p034",
    "name": "Nourishing Leave-in Conditioner",
    "brand": "Botanique AU",
    "description": "Lightweight leave-in for daily hydration and protection.",
    "price": 15,
    "category": "conditioner",
    "image_url": "/images/products/p034.jpg",
    "in_stock": true,
    "featured": false,
    "created_date": "2025-02-03"
  },
  {
    "id": "p035",
    "name": "Salon Texture Clay",
    "brand": "DownUnder Styling",
    "description": "Strong hold clay for structured styles.",
    "price": 11,
    "category": "styling",
    "image_url": "/images/products/p035.jpg",
    "in_stock": true,
    "featured": false,
    "created_date": "2025-02-04"
  },
  {
    "id": "p036",
    "name": "Everyday Repair Conditioner",
    "brand": "Aussie Roots",
    "description": "Daily conditioner that restores softness.",
    "price": 15,
    "category": "conditioner",
    "image_url": "/images/products/p036.jpg",
    "in_stock": true,
    "featured": false,
    "created_date": "2025-02-05"
  },
  {
    "id": "p037",
    "name": "Biotin + Keratin Capsules",
    "brand": "Wellness AU",
    "description": "Daily supplement for hair strength and growth.",
    "price": 14,
    "category": "supplements",
    "image_url": "/images/products/p037.jpg",
    "in_stock": true,
    "featured": false,
    "created_date": "2025-02-06"
  },
  {
    "id": "p038",
    "name": "Hydrating Overnight Mask",
    "brand": "Bloom & Co",
    "description": "Overnight mask to deeply condition and restore.",
    "price": 20,
    "category": "treatment",
    "image_url": "https://images.unsplash.com/photo-1481029031798-8c3f9d8c6be1?w=800&q=80",
    "in_stock": true,
    "featured": true,
    "created_date": "2025-02-07"
  },
  {
    "id": "p039",
    "name": "Lightweight Shine Spray",
    "brand": "Repairly AU",
    "description": "Adds instant shine without weight.",
    "price": 12,
    "category": "styling",
    "image_url": "/images/products/p039.jpg",
    "in_stock": true,
    "featured": false,
    "created_date": "2025-02-08"
  },
  {
    "id": "p040",
    "name": "Professional Heat Comb",
    "brand": "ToolsPro AU",
    "description": "Wide-tooth comb for detangling wet hair safely.",
    "price": 9,
    "category": "tools",
    "image_url": "https://images.unsplash.com/photo-1499952127939-9bbf5af6c51a?w=800&q=80",
    "in_stock": true,
    "featured": false,
    "created_date": "2025-02-09"
  },
  {
    "id": "p041",
    "name": "Daily Gentle Shampoo",
    "brand": "Aussie Roots",
    "description": "Balanced formula for daily cleansing.",
    "price": 13,
    "category": "shampoo",
    "image_url": "/images/products/p041.jpg",
    "in_stock": true,
    "featured": false,
    "created_date": "2025-02-10"
  },
  {
    "id": "p042",
    "name": "Clarify + Moisture Duo",
    "brand": "Koala Care",
    "description": "Clarifying shampoo and hydrating conditioner combo.",
    "price": 26,
    "category": "sets",
    "image_url": "/images/products/p042.jpg",
    "in_stock": true,
    "featured": true,
    "created_date": "2025-02-11"
  },
  {
    "id": "p043",
    "name": "Salon Shine Polish",
    "brand": "Salon Select",
    "description": "Finishing product for high gloss shine.",
    "price": 13.5,
    "category": "styling",
    "image_url": "https://images.unsplash.com/photo-1487412947147-5cebf100ffc2?w=800&q=80",
    "in_stock": true,
    "featured": false,
    "created_date": "2025-02-12"
  },
  {
    "id": "p044",
    "name": "Smoothing Shampoo",
    "brand": "Repairly AU",
    "description": "Sulfate-free smoothing shampoo for frizz control.",
    "price": 14,
    "category": "shampoo",
    "image_url": "/images/products/p044.jpg",
    "in_stock": true,
    "featured": false,
    "created_date": "2025-02-13"
  },
  {
    "id": "p045",
    "name": "Salon Clay Paste",
    "brand": "DownUnder Styling",
    "description": "Matte paste for short textured cuts.",
    "price": 10.5,
    "category": "styling",
    "image_url": "/images/products/p045.jpg",
    "in_stock": true,
    "featured": false,
    "created_date": "2025-02-14"
  },
  {
    "id": "p046",
    "name": "Moisture Serum 50ml",
    "brand": "Bloom & Co",
    "description": "Light serum to seal moisture and add gloss.",
    "price": 18.5,
    "category": "treatment",
    "image_url": "https://images.unsplash.com/photo-1481029031798-8c3f9d8c6be1?w=800&q=80",
    "in_stock": true,
    "featured": false,
    "created_date": "2025-02-15"
  },
  {
    "id": "p047",
    "name": "Salon Hot Brush",
    "brand": "ToolsPro AU",
    "description": "Round brush for salon-style blowouts.",
    "price": 14,
    "category": "tools",
    "image_url": "https://images.unsplash.com/photo-1499952127939-9bbf5af6c51a?w=800&q=80",
    "in_stock": true,
    "featured": false,
    "created_date": "2025-02-16"
  },
  {
    "id": "p048",
    "name": "Strengthening Conditioner",
    "brand": "PureForm AU",
    "description": "Strengthens hair and reduces breakage.",
    "price": 16,
    "category": "conditioner",
    "image_url": "/images/products/p048.jpg",
    "in_stock": true,
    "featured": false,
    "created_date": "2025-02-17"
  },
  {
    "id": "p049",
    "name": "Hydrating Leave-in Mist",
    "brand": "Botanique AU",
    "description": "Quick hydration boost with light conditioning.",
    "price": 12,
    "category": "styling",
    "image_url": "https://images.unsplash.com/photo-1522335789203-aabd1fc54bc9?w=800&q=80",
    "in_stock": true,
    "featured": false,
    "created_date": "2025-02-18"
  },
  {
    "id": "p050",
    "name": "Repair Duo Pack",
    "brand": "Repairly AU",
    "description": "Shampoo and mask for damaged hair repair.",
    "price": 32,
    "category": "sets",
    "image_url": "/images/products/p050.jpg",
    "in_stock": true,
    "featured": true,
    "created_date": "2025-02-19"
  },
  {
    "id": "p051",
    "name": "Gentle Kids Shampoo",
    "brand": "Aussie Roots Kids",
    "description": "Tear-free, gentle shampoo for kids.",
    "price": 8.5,
    "category": "shampoo",
    "image_url": "/images/products/p051.jpg",
    "in_stock": true,
    "featured": false,
    "created_date": "2025-02-20"
  },
  {
    "id": "p052",
    "name": "Hydrating Scalp Serum",
    "brand": "RootCare AU",
    "description": "Targeted serum for dry, itchy scalps.",
    "price": 17,
    "category": "treatment",
    "image_url": "https://images.unsplash.com/photo-1545239351-1141bd82e8a6?w=800&q=80",
    "in_stock": true,
    "featured": false,
    "created_date": "2025-02-21"
  },
  {
    "id": "p053",
    "name": "Matte Finish Paste",
    "brand": "DownUnder Styling",
    "description": "Low shine paste for texture and separation.",
    "price": 10,
    "category": "styling",
    "image_url": "/images/products/p053.jpg",
    "in_stock": true,
    "featured": false,
    "created_date": "2025-02-22"
  },
  {
    "id": "p054",
    "name": "Colour Protect Duo",
    "brand": "ColourSafe AU",
    "description": "Shampoo and conditioner to protect colour vibrancy.",
    "price": 28,
    "category": "sets",
    "image_url": "/images/products/p054.jpg",
    "in_stock": true,
    "featured": true,
    "created_date": "2025-02-23"
  },
  {
    "id": "p055",
    "name": "Shine & Heat Protect Oil",
    "brand": "ShieldPro AU",
    "description": "Protects from heat and adds glossy finish.",
    "price": 17.5,
    "category": "treatment",
    "image_url": "https://images.unsplash.com/photo-1522335789203-aabd1fc54bc9?w=800&q=80",
    "in_stock": true,
    "featured": false,
    "created_date": "2025-02-24"
  },
  {
    "id": "p056",
    "name": "Texturising Salt Paste",
    "brand": "Coastal Hair AU",
    "description": "Gives grit and texture for undone styles.",
    "price": 11,
    "category": "styling",
    "image_url": "/images/products/p056.jpg",
    "in_stock": true,
    "featured": false,
    "created_date": "2025-02-25"
  },
  {
    "id": "p057",
    "name": "Hydrating Conditioner 500ml",
    "brand": "Koala Care",
    "description": "Extra volume bottle for long lasting hydration.",
    "price": 22,
    "category": "conditioner",
    "image_url": "/images/products/p057.jpg",
    "in_stock": true,
    "featured": true,
    "created_date": "2025-02-26"
  },
  {
    "id": "p058",
    "name": "Leave-in Repair Cream",
    "brand": "Repairly AU",
    "description": "Daily leave-in to repair and protect hair fibers.",
    "price": 16,
    "category": "treatment",
    "image_url": "https://images.unsplash.com/photo-1481029031798-8c3f9d8c6be1?w=800&q=80",
    "in_stock": true,
    "featured": false,
    "created_date": "2025-02-27"
  },
  {
    "id": "p059",
    "name": "Salon Shine Oil Roller",
    "brand": "Bloom & Co",
    "description": "Convenient roller for instant shine and frizz control.",
    "price": 13,
    "category": "treatment",
    "image_url": "https://images.unsplash.com/photo-1515165562835-c7f7b8f6f8d9?w=800&q=80",
    "in_stock": true,
    "featured": false,
    "created_date": "2025-02-28"
  },
  {
    "id": "p060",
    "name": "Daily Styling Cream",
    "brand": "DownUnder Styling",
    "description": "Light control for everyday styles.",
    "price": 9.5,
    "category": "styling",
    "image_url": "/images/products/p060.jpg",
    "in_stock": true,
    "featured": false,
    "created_date": "2025-03-01"
  },
  {
    "id": "p061",
    "name": "Sensitive Scalp Shampoo",
    "brand": "PureForm AU",
    "description": "Soothing formula for sensitive scalps.",
    "price": 14,
    "category": "shampoo",
    "image_url": "/images/products/p061.jpg",
    "in_stock": true,
    "featured": false,
    "created_date": "2025-03-02"
  },
  {
    "id": "p062",
    "name": "Thermal Protect Serum",
    "brand": "ShieldPro AU",
    "description": "Protects hair from daily heat styling and adds shine.",
    "price": 12.5,
    "category": "treatment",
    "image_url": "https://images.unsplash.com/photo-1522335789203-aabd1fc54bc9?w=800&q=80",
    "in_stock": true,
    "featured": false,
    "created_date": "2025-03-03"
  },
  {
    "id": "p063",
    "name": "Beach Wave Mist",
    "brand": "Coastal Hair AU",
    "description": "Spray for soft waves and texture.",
    "price": 10,
    "category": "styling",
    "image_url": "/images/products/p063.jpg",
    "in_stock": true,
    "featured": false,
    "created_date": "2025-03-04"
  },
  {
    "id": "p064",
    "name": "Hydrating Conditioner 250ml",
    "brand": "Aussie Roots",
    "description": "Balanced care for normal to dry hair.",
    "price": 12.5,
    "category": "conditioner",
    "image_url": "/images/products/p064.jpg",
    "in_stock": true,
    "featured": false,
    "created_date": "2025-03-05"
  },
  {
    "id": "p065",
    "name": "Moisture Boost Capsules",
    "brand": "Wellness AU",
    "description": "Nutritional support for soft, healthy hair.",
    "price": 13.5,
    "category": "supplements",
    "image_url": "/images/products/p065.jpg",
    "in_stock": true,
    "featured": false,
    "created_date": "2025-03-06"
  },
  {
    "id": "p066",
    "name": "Salon Conditioning Mask",
    "brand": "Bloom & Co",
    "description": "Weekly conditioning treatment for deep repair.",
    "price": 21,
    "category": "treatment",
    "image_url": "https://images.unsplash.com/photo-1481029031798-8c3f9d8c6be1?w=800&q=80",
    "in_stock": true,
    "featured": true,
    "created_date": "2025-03-07"
  },
  {
    "id": "p067",
    "name": "Professional Paddle Brush",
    "brand": "ToolsPro AU",
    "description": "Detangling brush for smooth finishes.",
    "price": 12,
    "category": "tools",
    "image_url": "https://images.unsplash.com/photo-1499952127939-9bbf5af6c51a?w=800&q=80",
    "in_stock": true,
    "featured": false,
    "created_date": "2025-03-08"
  },
  {
    "id": "p068",
    "name": "Light Hydration Shampoo",
    "brand": "PureForm AU",
    "description": "Lightweight daily shampoo for all hair types.",
    "price": 13,
    "category": "shampoo",
    "image_url": "/images/products/p068.jpg",
    "in_stock": true,
    "featured": false,
    "created_date": "2025-03-09"
  },
  {
    "id": "p069",
    "name": "Natural Volume Spray",
    "brand": "LiftLab AU",
    "description": "Adds body and lift to fine hair.",
    "price": 11,
    "category": "styling",
    "image_url": "/images/products/p069.jpg",
    "in_stock": true,
    "featured": false,
    "created_date": "2025-03-10"
  },
  {
    "id": "p070",
    "name": "Hydrating Overnight Oil",
    "brand": "Botanique AU",
    "description": "Overnight oil treatment for dry hair.",
    "price": 19.5,
    "category": "treatment",
    "image_url": "https://images.unsplash.com/photo-1545239351-1141bd82e8a6?w=800&q=80",
    "in_stock": true,
    "featured": true,
    "created_date": "2025-03-11"
  },
  {
    "id": "p071",
    "name": "Daily Conditioning Balm",
    "brand": "Aussie Roots",
    "description": "Light balm to detangle and nourish daily.",
    "price": 12.5,
    "category": "conditioner",
    "image_url": "/images/products/p071.jpg",
    "in_stock": true,
    "featured": false,
    "created_date": "2025-03-12"
  },
  {
    "id": "p072",
    "name": "Salon Texture Spray",
    "brand": "Coastal Hair AU",
    "description": "Adds volume and texture for lived-in styles.",
    "price": 11.5,
    "category": "styling",
    "image_url": "/images/products/p072.jpg",
    "in_stock": true,
    "featured": false,
    "created_date": "2025-03-13"
  },
  {
    "id": "p073",
    "name": "Hydrating Keratin Conditioner",
    "brand": "Salon Select",
    "description": "Support after keratin and smoothing treatments.",
    "price": 17,
    "category": "conditioner",
    "image_url": "/images/products/p073.jpg",
    "in_stock": true,
    "featured": true,
    "created_date": "2025-03-14"
  },
  {
    "id": "p074",
    "name": "Heat Defense Milk",
    "brand": "ShieldPro AU",
    "description": "Light milk to protect from styling heat and humidity.",
    "price": 13,
    "category": "styling",
    "image_url": "/images/products/p074.jpg",
    "in_stock": true,
    "featured": false,
    "created_date": "2025-03-15"
  },
  {
    "id": "p075",
    "name": "Repair & Grow Capsules",
    "brand": "Wellness AU",
    "description": "Daily supplement to support hair strength and growth.",
    "price": 15.5,
    "category": "supplements",
    "image_url": "/images/products/p075.jpg",
    "in_stock": true,
    "featured": false,
    "created_date": "2025-03-16"
  },
  {
    "id": "p076",
    "name": "Moisture Lock Serum",
    "brand": "Repairly AU",
    "description": "Seals moisture for smoother ends.",
    "price": 16,
    "category": "treatment",
    "image_url": "https://images.unsplash.com/photo-1481029031798-8c3f9d8c6be1?w=800&q=80",
    "in_stock": true,
    "featured": false,
    "created_date": "2025-03-17"
  },
  {
    "id": "p077",
    "name": "Salon Styling Comb",
    "brand": "ToolsPro AU",
    "description": "Fine-tooth comb for precision styling.",
    "price": 8,
    "category": "tools",
    "image_url": "https://images.unsplash.com/photo-1499952127939-9bbf5af6c51a?w=800&q=80",
    "in_stock": true,
    "featured": false,
    "created_date": "2025-03-18"
  },
  {
    "id": "p078",
    "name": "Hydrating Shampoo 1L",
    "brand": "Aussie Roots",
    "description": "Economy-sized hydrating shampoo for families.",
    "price": 28,
    "category": "shampoo",
    "image_url": "/images/products/p078.jpg",
    "in_stock": true,
    "featured": true,
    "created_date": "2025-03-19"
  },
  {
    "id": "p079",
    "name": "Protein Repair Conditioner",
    "brand": "PureForm AU",
    "description": "Strengthens and repairs weakened hair fibers.",
    "price": 18,
    "category": "conditioner",
    "image_url": "/images/products/p079.jpg",
    "in_stock": true,
    "featured": false,
    "created_date": "2025-03-20"
  },
  {
    "id": "p080",
    "name": "Sea Mineral Treatment",
    "brand": "Coastal Hair AU",
    "description": "Mineral-rich treatment for body and shine.",
    "price": 18.5,
    "category": "treatment",
    "image_url": "https://images.unsplash.com/photo-1545239351-1141bd82e8a6?w=800&q=80",
    "in_stock": true,
    "featured": true,
    "created_date": "2025-03-21"
  },
  {
    "id": "p081",
    "name": "Flexible Hold Gel",
    "brand": "DownUnder Styling",
    "description": "Medium-hold gel with no crunchy finish.",
    "price": 9,
    "category": "styling",
    "image_url": "/images/products/p081.jpg",
    "in_stock": true,
    "featured": false,
    "created_date": "2025-03-22"
  },
  {
    "id": "p082",
    "name": "Revive Scalp Scrub",
    "brand": "RootCare AU",
    "description": "Exfoliating scrub to remove buildup and refresh the scalp.",
    "price": 16.5,
    "category": "treatment",
    "image_url": "https://images.unsplash.com/photo-1481029031798-8c3f9d8c6be1?w=800&q=80",
    "in_stock": true,
    "featured": false,
    "created_date": "2025-03-23"
  },
  {
    "id": "p083",
    "name": "Salon Finishing Paste",
    "brand": "Salon Select",
    "description": "Firm hold paste for sculpted styles.",
    "price": 12,
    "category": "styling",
    "image_url": "/images/products/p083.jpg",
    "in_stock": true,
    "featured": false,
    "created_date": "2025-03-24"
  },
  {
    "id": "p084",
    "name": "Hydrate Daily Conditioner",
    "brand": "Aussie Roots",
    "description": "Light conditioner for daily moisture balance.",
    "price": 13,
    "category": "conditioner",
    "image_url": "/images/products/p084.jpg",
    "in_stock": true,
    "featured": false,
    "created_date": "2025-03-25"
  },
  {
    "id": "p085",
    "name": "Nourish Hair Mask 100ml",
    "brand": "Bloom & Co",
    "description": "Weekly mask for added moisture and repair.",
    "price": 14.5,
    "category": "treatment",
    "image_url": "https://images.unsplash.com/photo-1481029031798-8c3f9d8c6be1?w=800&q=80",
    "in_stock": true,
    "featured": true,
    "created_date": "2025-03-26"
  },
  {
    "id": "p086",
    "name": "Thermal Guard Spray",
    "brand": "ShieldPro AU",
    "description": "Heat protection for styling tools.",
    "price": 12,
    "category": "styling",
    "image_url": "/images/products/p086.jpg",
    "in_stock": true,
    "featured": false,
    "created_date": "2025-03-27"
  },
  {
    "id": "p087",
    "name": "Natural Bounce Mousse",
    "brand": "LiftLab AU",
    "description": "Adds body and spring to curls and waves.",
    "price": 11,
    "category": "styling",
    "image_url": "/images/products/p087.jpg",
    "in_stock": true,
    "featured": false,
    "created_date": "2025-03-28"
  },
  {
    "id": "p088",
    "name": "Hydrating Daily Oil",
    "brand": "Botanique AU",
    "description": "Daily lightweight oil to nourish and shine.",
    "price": 15,
    "category": "treatment",
    "image_url": "https://images.unsplash.com/photo-1545239351-1141bd82e8a6?w=800&q=80",
    "in_stock": true,
    "featured": false,
    "created_date": "2025-03-29"
  },
  {
    "id": "p089",
    "name": "Salon Detangling Brush",
    "brand": "ToolsPro AU",
    "description": "Gentle detangling brush for wet and dry hair.",
    "price": 9.5,
    "category": "tools",
    "image_url": "https://images.unsplash.com/photo-1499952127939-9bbf5af6c51a?w=800&q=80",
    "in_stock": true,
    "featured": false,
    "created_date": "2025-03-30"
  },
  {
    "id": "p090",
    "name": "Hydrating Shampoo (Ocean Edition)",
    "brand": "Aussie Roots",
    "description": "Ocean mineral-infused shampoo for hydration.",
    "price": 15,
    "category": "shampoo",
    "image_url": "/images/products/p090.jpg",
    "in_stock": true,
    "featured": true,
    "created_date": "2025-03-31"
  },
  {
    "id": "p091",
    "name": "Repair Conditioner 1L",
    "brand": "PureForm AU",
    "description": "Large size repair conditioner for salons and home.",
    "price": 30,
    "category": "conditioner",
    "image_url": "/images/products/p091.jpg",
    "in_stock": true,
    "featured": true,
    "created_date": "2025-04-01"
  },
  {
    "id": "p092",
    "name": "Sea Salt Wave Paste",
    "brand": "Coastal Hair AU",
    "description": "Matte paste with salt texture for beachy looks.",
    "price": 11.5,
    "category": "styling",
    "image_url": "/images/products/p092.jpg",
    "in_stock": true,
    "featured": false,
    "created_date": "2025-04-02"
  },
  {
    "id": "p093",
    "name": "Keratin Infused Mask",
    "brand": "Salon Select",
    "description": "Strength and smoothing mask for treated hair.",
    "price": 23,
    "category": "treatment",
    "image_url": "https://images.unsplash.com/photo-1481029031798-8c3f9d8c6be1?w=800&q=80",
    "in_stock": true,
    "featured": true,
    "created_date": "2025-04-03"
  },
  {
    "id": "p094",
    "name": "Quick Dry Towel",
    "brand": "ToolsPro AU",
    "description": "Microfiber towel to reduce drying time and frizz.",
    "price": 9,
    "category": "tools",
    "image_url": "https://images.unsplash.com/photo-1499952127939-9bbf5af6c51a?w=800&q=80",
    "in_stock": true,
    "featured": false,
    "created_date": "2025-04-04"
  },
  {
    "id": "p095",
    "name": "Hydrating Scalp Oil",
    "brand": "RootCare AU",
    "description": "Targeted nourishing oil to support scalp health.",
    "price": 16.5,
    "category": "treatment",
    "image_url": "https://images.unsplash.com/photo-1545239351-1141bd82e8a6?w=800&q=80",
    "in_stock": true,
    "featured": false,
    "created_date": "2025-04-05"
  },
  {
    "id": "p096",
    "name": "Everyday Volume Mousse",
    "brand": "LiftLab AU",
    "description": "Adds lasting body and bounce.",
    "price": 10,
    "category": "styling",
    "image_url": "/images/products/p096.jpg",
    "in_stock": true,
    "featured": false,
    "created_date": "2025-04-06"
  },
  {
    "id": "p097",
    "name": "Salon Shine Oil 30ml",
    "brand": "Bloom & Co",
    "description": "Pocket-size oil for instant shine and taming flyaways.",
    "price": 9.5,
    "category": "treatment",
    "image_url": "https://images.unsplash.com/photo-1515165562835-c7f7b8f6f8d9?w=800&q=80",
    "in_stock": true,
    "featured": false,
    "created_date": "2025-04-07"
  },
  {
    "id": "p098",
    "name": "Herbal Hair Rinse",
    "brand": "PureForm AU",
    "description": "Natural herbal rinse to soothe and condition.",
    "price": 12,
    "category": "treatment",
    "image_url": "https://images.unsplash.com/photo-1481029031798-8c3f9d8c6be1?w=800&q=80",
    "in_stock": true,
    "featured": false,
    "created_date": "2025-04-08"
  },
  {
    "id": "p099",
    "name": "Salon Glaze Spray",
    "brand": "Salon Select",
    "description": "Light glaze for glossy salon finishes.",
    "price": 13,
    "category": "styling",
    "image_url": "/images/products/p099.jpg",
    "in_stock": true,
    "featured": false,
    "created_date": "2025-04-09"
  },
  {
    "id": "p100",
    "name": "Hydrating Shampoo + Conditioner Travel Set",
    "brand": "Aussie Roots",
    "description": "Travel duo for hydration on the go.",
    "price": 13,
    "category": "sets",
    "image_url": "/images/products/p100.jpg",
    "in_stock": true,
    "featured": true,
    "created_date": "2025-04-10"
  },
  {
    "id": "p101",
    "name": "Nourish Shampoo (Citrus)",
    "brand": "Koala Care",
    "description": "Citrus-scented shampoo for refreshed hair.",
    "price": 13.5,
    "category": "shampoo",
    "image_url": "/images/products/p101.jpg",
    "in_stock": true,
    "featured": false,
    "created_date": "2025-04-11"
  },
  {
    "id": "p102",
    "name": "Coconut Conditioner",
    "brand": "Aussie Roots",
    "description": "Coconut-scented conditioner for softness and shine.",
    "price": 14,
    "category": "conditioner",
    "image_url": "/images/products/p102.jpg",
    "in_stock": true,
    "featured": false,
    "created_date": "2025-04-12"
  },
  {
    "id": "p103",
    "name": "Argan Repair Oil",
    "brand": "Botanique AU",
    "description": "Argan-rich oil for shine and control.",
    "price": 18,
    "category": "treatment",
    "image_url": "https://images.unsplash.com/photo-1545239351-1141bd82e8a6?w=800&q=80",
    "in_stock": true,
    "featured": true,
    "created_date": "2025-04-13"
  },
  {
    "id": "p104",
    "name": "Styling Foam Light Hold",
    "brand": "LiftLab AU",
    "description": "Adds bounce and light hold for natural movement.",
    "price": 10.5,
    "category": "styling",
    "image_url": "/images/products/p104.jpg",
    "in_stock": true,
    "featured": false,
    "created_date": "2025-04-14"
  },
  {
    "id": "p105",
    "name": "Keratin Repair Serum",
    "brand": "Salon Select",
    "description": "Daily serum to support keratin-treated hair.",
    "price": 17.5,
    "category": "treatment",
    "image_url": "https://images.unsplash.com/photo-1481029031798-8c3f9d8c6be1?w=800&q=80",
    "in_stock": true,
    "featured": true,
    "created_date": "2025-04-15"
  },
  {
    "id": "p106",
    "name": "Sea Minerals Conditioner",
    "brand": "Coastal Hair AU",
    "description": "Mineral-rich conditioner for luminous shine.",
    "price": 16.5,
    "category": "conditioner",
    "image_url": "/images/products/p106.jpg",
    "in_stock": true,
    "featured": false,
    "created_date": "2025-04-16"
  },
  {
    "id": "p107",
    "name": "Salon Finishing Oil",
    "brand": "Bloom & Co",
    "description": "Finishing oil to tame flyaways and add sheen.",
    "price": 15,
    "category": "treatment",
    "image_url": "https://images.unsplash.com/photo-1515165562835-c7f7b8f6f8d9?w=800&q=80",
    "in_stock": true,
    "featured": true,
    "created_date": "2025-04-17"
  },
  {
    "id": "p108",
    "name": "Everyday Mousse",
    "brand": "LiftLab AU",
    "description": "Lightweight foam for daily styling and lift.",
    "price": 10,
    "category": "styling",
    "image_url": "/images/products/p108.jpg",
    "in_stock": true,
    "featured": false,
    "created_date": "2025-04-18"
  },
  {
    "id": "p109",
    "name": "Repair Travel Pack",
    "brand": "Repairly AU",
    "description": "Travel-sized repair kit for weekend trips.",
    "price": 12,
    "category": "sets",
    "image_url": "/images/products/p109.jpg",
    "in_stock": true,
    "featured": false,
    "created_date": "2025-04-19"
  },
  {
    "id": "p110",
    "name": "Hydrating Mask 250ml",
    "brand": "Bloom & Co",
    "description": "Deep conditioning mask for weekly use.",
    "price": 18,
    "category": "treatment",
    "image_url": "https://images.unsplash.com/photo-1481029031798-8c3f9d8c6be1?w=800&q=80",
    "in_stock": true,
    "featured": true,
    "created_date": "2025-04-20"
  }
]